Long Name,New Load Order,New Load Order,Version #,Update Notes,Misc Notes,URL,
_version.txt,,,4.1.0,Update to 4.2.0,No changes,,
,,,,,Need a update,,
assets.pak,-9999,-9999,,Default,Updated,,
,,,,,First install,,
,,,,,Remove,,
Universal Mods (0 – 99),,,,,,,
Weapon Scaling,0,,Ciel,,,Ciel,
Custom Collections UI,1,,0.1.1,,,http://community.playstarbound.com/resources/custom-collections-ui.4140/,
,,,,,,,
Extended Songbook,4,,2.2,,,http://community.playstarbound.com/resources/extended-songbook.249/,
Extra Zoom Levels,5,,1.0.6,,,http://community.playstarbound.com/resources/extra-zoom-levels.982/,
Many Tabs 1,6,,1.2,,,,
Many Tabs 2,7,,1.2,,,http://community.playstarbound.com/resources/many-tabs.4813/,
Parallax Compression,8,,1.1,,,http://community.playstarbound.com/resources/parallax-compression-fps-improvement.4641/,http://steamcommunity.com/sharedfiles/filedetails/?id=885877773
Skippable Cinematics,9,,1.2,,,http://community.playstarbound.com/resources/skippable-cinematics.3730/,http://steamcommunity.com/sharedfiles/filedetails/?id=729428037
Stack Enlarge SE,10,,1.01,,10k Stack & Font Change,,http://steamcommunity.com/sharedfiles/filedetails/?id=732308825
More Species ++,12,,1.0,,Xbawks Character Extender-->More Species ++,http://community.playstarbound.com/resources/kawas-xbawks-mode-character-creator.81/,
Grayles Timeout Fix,14,,1,,,Our Patch,
Dark Space,15,,2017-12-10,,"Dark space, for ships ,main menu and starmap",https://steamcommunity.com/sharedfiles/filedetails/?id=971634619,
Freeze That Gate,16,,2017-01-09,,"Speak for it self, it freeze the animated gate in the outpost",https://steamcommunity.com/sharedfiles/filedetails/?id=838928243,
FPS Friendly Ancient Portal,17,,18 juil 2018,,"To use with ""Freeze That Gate""",https://steamcommunity.com/sharedfiles/filedetails/?id=1444740396,
,18,,,,,,
Ability Slot Extender,19,,0.9,,,https://steamcommunity.com/sharedfiles/filedetails/?id=1507128245&searchtext=ability,
Ability Slot Extender FU Patch,20,,0.9,,,https://steamcommunity.com/sharedfiles/filedetails/?id=1507129419,
HLib,26,,30 juin 2018,,,https://steamcommunity.com/sharedfiles/filedetails/?id=1189065705&searchtext=HLib+stable,
FU S.A.I.L. Modded Race,51,,2018-11-06,2019-04-13,since it has to go first befor races,https://steamcommunity.com/sharedfiles/filedetails/?id=1411331676,
Many Tabs - FU patch,52,,1.2,,,https://steamcommunity.com/sharedfiles/filedetails/?id=1799854324,
Racial Mods (100 – 150),,,,,,,
Avali (Triage) Race Mod,100,,1.4,1.7.1,,http://community.playstarbound.com/resources/avali-triage.2852/,
Bunnykin Race,101,,3.0,,,http://community.playstarbound.com/resources/bunnykin-race.825/,
Callistan Race,102,,1.3,1.4,,http://community.playstarbound.com/resources/callistan-race-mod.4151/,http://steamcommunity.com/sharedfiles/filedetails/?id=774083065
Draconis Race,103,,1.4,,,http://community.playstarbound.com/resources/humanoid-dragon-race.4526/,https://steamcommunity.com/workshop/filedetails/?id=868165595
Elithian Races Mod,104,,2.3.9,2.3.11,,http://community.playstarbound.com/resources/elithian-races-mod-a-starbound-expansion.3019/,
Felin Race,105,,3.8,3.9.1,And I say HEY!,http://community.playstarbound.com/resources/felins.68/,
Lamia Race,106,,0.9.2,,,http://community.playstarbound.com/resources/lamia-race-mod.4071/,
Munari Race,107,,2.1.8,,,http://community.playstarbound.com/resources/munari-race.1655/,
Neko Species,108,,1.3.2,1.3.3,cat2002’s alternate version.,https://github.com/kittycat2002/Neko-Alternate,http://steamcommunity.com/sharedfiles/filedetails/?id=1109772923
Orcana Race,109,,B.6.3c,1.4b,,http://community.playstarbound.com/resources/the-orcana.2747/,
,,,,,,,
Sallok Race,111,,0.5.1,,,https://steamcommunity.com/sharedfiles/filedetails/?id=737715164&searchtext=Steampunk,
Make Felins a cuter race,112,,1.7,,,,https://steamcommunity.com/sharedfiles/filedetails/?id=943180115
Make Lamias a cuter race,113,,3.0,,,,https://steamcommunity.com/sharedfiles/filedetails/?id=851781339
Arachne Race,114,,1.16,1.17,,https://community.playstarbound.com/resources/wip-arachne.5035/,
Fragments of Ruin Race,115,,1.0,,,https://steamcommunity.com/sharedfiles/filedetails/?id=1702704154,
Saturnians Race,116,,1.2.0.2,1.3.2.1,,https://community.playstarbound.com/resources/the-saturnians.4918/,
Lucario Race,117,,1.3.3.2.0 ,1.3.4.2.2,,,https://community.playstarbound.com/resources/lucario-race.4940/
Viera of Ivalice Race,118,,0.3.2,,,https://community.playstarbound.com/resources/wip-the-viera-of-ivalice.1533/,
,,,,,,,
Prismatic Fenerox,120,,1.0,,,https://community.playstarbound.com/resources/starbound-1-3-playable-fenerox.3716/update?update=26351,
,,,,,,,
Everis Race,122,,1.15,,,https://steamcommunity.com/sharedfiles/filedetails/?id=1117006719&searchtext=FR,
Argonian Race Redux,123,,1.0.7,1.0.7,,https://steamcommunity.com/sharedfiles/filedetails/?id=740694177,
Argonian Race Redux Supplemental,124,,1.0.2,,,https://steamcommunity.com/sharedfiles/filedetails/?id=813797002,
Skath Race,125,,1.0.7,REMOVE!!!,Fu again,https://steamcommunity.com/sharedfiles/filedetails/?id=936898205&searchtext=Fraking+races,
Phox Race,126,,0.6.42,,,https://steamcommunity.com/sharedfiles/filedetails/?id=1107519620&searchtext=Fraking+races,
Lyru Race,127,,2018-10-14,,,https://steamcommunity.com/sharedfiles/filedetails/?id=1528780956&searchtext=kingdom,
Lastree Race,128,,1.22,1.4,,https://steamcommunity.com/sharedfiles/filedetails/?id=1380941596&searchtext=lastree,
Indix race,129,,1.6,1.6,,https://steamcommunity.com/sharedfiles/filedetails/?id=1114822742,
Kitsune Race,130,,1.31,1.33,,https://steamcommunity.com/workshop/filedetails/?id=1396610566,
SmolAvali mod,131,,1.4,,,https://steamcommunity.com/sharedfiles/filedetails/?id=1428129929&searchtext=smol,
Taurikin Race,132,,0.3,,,https://steamcommunity.com/sharedfiles/filedetails/?id=1600522737&searchtext=race,
PenguinPiracy Race,133,,V11.2.1,V1.5.1,Custom revision,https://steamcommunity.com/sharedfiles/filedetails/?id=1828750188&searchtext=PenguinPiracy+Race,
PenguinPiracy Patch,134,,V11.2.1,1.1,,https://steamcommunity.com/sharedfiles/filedetails/?id=1877908909&searchtext=PenguinPiracy+Race,
Priority Correction (151 – 199),,,,,,,
Avali Mech,151,,1.0.0,,,http://steamcommunity.com/sharedfiles/filedetails/?id=950340366,
I Want to MECHANIZE That Van,152,,1.2,,,http://steamcommunity.com/sharedfiles/filedetails/?id=960709989,http://www.dropbox.com/s/snntyio1q79p56f/IWantToMechanizeThatVan.pak?dl=1
,,,,,,,
Tabula Rasa,155,,2.2d,,Because of bk3k blocks,https://community.playstarbound.com/resources/the-tabula-rasa.3222/,
S.A.I.L. Customisable AI,156,,2018-08-25,21 Oct 2019,,http://steamcommunity.com/sharedfiles/filedetails/?id=947429656,
S.A.I.L. Chips Megapack,157,,2018-03-31,,,https://steamcommunity.com/sharedfiles/filedetails/?id=947922190&searchtext=S.A.I.L.+chips+megapack,
Shellguard: Starbound Expansion,194,,2.2.1,2.4.5,,https://steamcommunity.com/sharedfiles/filedetails/?id=1563376005,
Frackin Universe,195,,5.6.350,5.6.365,,http://community.playstarbound.com/resources/frackinuniverse.2920/,
Frackin Races,196,,5.2.50,5.2.58,,http://community.playstarbound.com/resources/frackinraces.3717/,
More Planet Info,197,,1.54,,,https://community.playstarbound.com/resources/erissss-more-planet-info.4966/,http://steamcommunity.com/sharedfiles/filedetails/?id=1117007107
Extended Gui,198,,2.13,,"Include FU, Elithian Races",http://community.playstarbound.com/resources/extended-gui.2575/,
,,,,,,,
Practical Mods (200+),,,,,,,
Action Spawners,200,,1.1,,,http://community.playstarbound.com/resources/action-spawners.4065/,http://steamcommunity.com/sharedfiles/filedetails/?id=750140864
Alchemical Reactions,201,,1.2.5,,,https://community.playstarbound.com/resources/alchemical-reactions.4499/,
Android Fluffalo,202,,1.4.1,,,http://community.playstarbound.com/resources/android-fluffalo-balanced-ram-farming.3940/,
Armor Augments,203,,1.3,,,http://community.playstarbound.com/resources/augment-slots-for-armor.3837/,
Automatic Doors,204,,3.6,,,http://community.playstarbound.com/resources/automatic-doors.1865/,
Avali Assortments,205,,1.3,Debated for REMOVE,,https://community.playstarbound.com/resources/avali-augments-and-assortments.2222/,http://steamcommunity.com/sharedfiles/filedetails/?id=936735031
Avali Mannequin,207,,1,,,,https://steamcommunity.com/sharedfiles/filedetails/?id=733744908
Avali Rocket Launcher and Misc. Stuff,208,,1.16,,,https://community.playstarbound.com/resources/avali-rocket-launcher-misc-stuff.3633/,
Avali Spec-Ops Armor,209,,2.2,,,http://community.playstarbound.com/resources/avali-specop-armor.3742/,http://steamcommunity.com/sharedfiles/filedetails/?id=729456260
Modules In a Box,210,,2.0.10,,,,
Base in a Box,211,,2.0.12,,,https://community.playstarbound.com/resources/base-in-a-box.592/,http://steamcommunity.com/sharedfiles/filedetails/?id=729460427
bk3k's Blocks & Objects,212,,2.4.03,,Fixed issue with FU update,http://community.playstarbound.com/resources/bk3ks-blocks-and-objects-formerly-lighted-platforms.3164/,
Castlevania,213,,1.3.2,,,http://community.playstarbound.com/resources/castlevania.2807/,
Combinable Augments,214,,2.0.7,,Hotfix,http://community.playstarbound.com/resources/combinable-augments.3943/,
Combined Collars,215,,1.3.1,,,,http://steamcommunity.com/sharedfiles/filedetails/?id=750626991
Compact Crops,216,,1.4,Debated for REMOVE,,http://community.playstarbound.com/resources/compact-crops.2516/,
Craftable Bees,217,,1.0,1.0 (1),,,http://steamcommunity.com/sharedfiles/filedetails/?id=970496640
Craftable Pet Collars,218,,1.0,,,,http://steamcommunity.com/sharedfiles/filedetails/?id=734569205
Craftable Salvage,219,,1.3,,,,http://steamcommunity.com/sharedfiles/filedetails/?id=954063152
Craftable Seeds,220,,1.8,,,http://community.playstarbound.com/resources/craftable-seeds.3744/,https://steamcommunity.com/sharedfiles/filedetails/?id=731358672
Craftable Seeds - FU Addon,221,,1.8,,,,http://steamcommunity.com/sharedfiles/filedetails/?id=751160466
Enhanced Rails,222,,2.3.1,,,http://community.playstarbound.com/resources/enhanced-rails.4708/,https://steamcommunity.com/sharedfiles/filedetails/?id=921924325
Paint Gun ¹,223,,2018-01-12,,,http://community.playstarbound.com/resources/paint-gun-mod.4636/,
Expanded Magnorbs,224,,0.1.2.4.1,2,,,https://steamcommunity.com/sharedfiles/filedetails/?id=746884345
Historical Firearms,225,,2.0,,,https://steamcommunity.com/sharedfiles/filedetails/?id=1687222664&searchtext=historical,
Fun With Gravitons,226,,3.22,,,http://community.playstarbound.com/resources/fun-with-gravitons.3534/,
Garden Bot 2,227,,2.1.1.5,,,http://community.playstarbound.com/resources/gardenbot-2-1-rebooted.3036/,
Ghost Fluffalo,228,,1.2,,,http://community.playstarbound.com/resources/ghost-fluffalo.4039/,
Healthy Capture,229,,1.0.0,Debated for REMOVE,,http://community.playstarbound.com/resources/healthy-capture-fixed.4492/,
Improved Food Descriptions,230,,2,,,http://community.playstarbound.com/resources/improved-food-descriptions.3743/,
Improved Food Descriptions (Addon),231,,1.4,,For Non-spoiling + stack to 10k,N/A,https://steamcommunity.com/workshop/filedetails/?id=731354142
Backpacks,232,,2.1.1,2.3.1,,https://community.playstarbound.com/resources/backpacks.4958/,
Improved Food Descriptions - Avikan Addon,233,,1,,Custom Patch,,
Instant Crafting,234,,1.17,,,http://community.playstarbound.com/resources/instant-crafting.3731/,
Item Frames,235,,1.31,,,http://community.playstarbound.com/resources/item-weapon-frames.3188/,
Job Offers,236,,1.1.2,,,https://community.playstarbound.com/resources/job-offers-hire-anyone.3865/,http://steamcommunity.com/sharedfiles/filedetails/?id=735253889
Lex Bombing Mining,237,,2017-04-19,,,https://community.playstarbound.com/resources/lex-bombing-mining.4677/,https://steamcommunity.com/sharedfiles/filedetails/?id=905639871
Macrochip,238,,4.11,,,http://community.playstarbound.com/resources/macrochip-and-logic-upgrades.3420/,
,,,,,,,
More Mooshi,240,,1,,,,https://steamcommunity.com/sharedfiles/filedetails/?id=736199086
More Radios: Starbound Soundtrack,241,,0.6,,,,http://steamcommunity.com/sharedfiles/filedetails/?id=746909314
More Tiles & Greebles,242,,3.33,,Change of duvets for the serene bed.,http://community.playstarbound.com/resources/more-tiles-and-greebles.2877/,
Multi-Tiered Relocators,243,,2,,,http://community.playstarbound.com/resources/multi-tiered-relocators.4175/,http://steamcommunity.com/sharedfiles/filedetails/?id=764326241
No Ghost Augment,244,,0.1a,,,,http://steamcommunity.com/sharedfiles/filedetails/?id=948495958
Non-Uniform,245,,2.0.3,,Performance and Bug fix update (requires Job Offers to be loaded first),http://community.playstarbound.com/resources/nonuniform.4289/,
One-Handed Instruments,246,,1.1,Debated for REMOVE,,http://community.playstarbound.com/resources/one-handed-instruments.3917/,
Fixel Goods Store,247,,1.2,,,https://community.playstarbound.com/resources/fixel-goods-store.5042/,
Pay-Up Rent,248,,1.3,,,https://community.playstarbound.com/resources/pay-up-rent.3817/,https://steamcommunity.com/sharedfiles/filedetails/?id=732206342
Perennial Crops,249,,1.7,,,http://community.playstarbound.com/resources/perennial-crops.2403/,http://steamcommunity.com/sharedfiles/filedetails/?id=730378641
Perennial Crops - Avali Patch,250,,1.7,,,,https://steamcommunity.com/sharedfiles/filedetails/?id=869900472
Perennial Crops - FU Patch,251,,1.1,,,http://community.playstarbound.com/resources/perennial-crops-fu-compatibility-patch-edition.3985/,
Pixel Goods Store,252,,2.4,,,,http://steamcommunity.com/sharedfiles/filedetails/?id=733238864
Purchasable Pets,253,,1.4,,,http://community.playstarbound.com/resources/purchasable-pets.2854/,
Refinable Mob Drops,254,,1.3,,,http://community.playstarbound.com/resources/refinable-monster-drops.2079/,
See Colony Tags,255,,1,,,,http://steamcommunity.com/sharedfiles/filedetails/?id=889774441
Sellable Blocks,256,,1,Debated for REMOVE,,http://community.playstarbound.com/resources/sellable-blocks.4212/,
Sellable Throwing Items,257,,1.1,,,http://community.playstarbound.com/resources/sellable-throwing-items.4213/,
Skizot's Dozers,258,,4.2.2,,,http://community.playstarbound.com/resources/skizots-dozers.3094/,
WolFen FLCN-11 Gunship,259,,1.2a,1.3a,,https://community.playstarbound.com/resources/wolfen-flcn-11-gunship.5115/,https://steamcommunity.com/sharedfiles/filedetails/?id=1218671249
Tenant Pack,260,,2018-05-02,,,http://community.playstarbound.com/resources/tenant-pack.4477/,http://steamcommunity.com/sharedfiles/filedetails/?id=838356389
The Beakeasy Shop,261,,1.2,,,,https://steamcommunity.com/sharedfiles/filedetails/?id=732852347
The Game Hunter,262,,1.52,,,http://community.playstarbound.com/resources/the-game-hunter-mounted-monsters.2546/,
Trap Crafting Station,263,,1.3,,,https://community.playstarbound.com/resources/trap-crafting-station.4139/,https://steamcommunity.com/sharedfiles/filedetails/?id=758745406
,,,,,,,
,,,,,,,
Universal Uncrafter,266,,1.46,,,http://community.playstarbound.com/resources/the-universal-uncrafter.2688/,
Weapon Assembly,267,,2.1.3,,,http://community.playstarbound.com/resources/weapon-assembly.4277/,
Enhanced Storage ¹,268,,5.7.2,5.8.2,¹ - Paint Gun and Pixel Goods Shop requirement,http://community.playstarbound.com/resources/enhanced-storage.2450/,
Weapon Reinforcement Station,269,,2.2,,,https://community.playstarbound.com/resources/weapon-reinforce-pod.4010/,
Wired Rail Bumper,270,,2016-08-29,,,http://community.playstarbound.com/resources/wired-rail-bumper.4110/,
XS Mechs - Vehicle Edition,271,,1.16a,,,http://community.playstarbound.com/resources/xs-mechs-vehicle-edition.3407/,
Zero-G Maneuvering Tech,272,,1.1,,,https://community.playstarbound.com/resources/zero-g-maneuvering-unit.4923/,
ZZ Mech Modifications,273,,1.45,,,http://community.playstarbound.com/resources/zz-mech-modifications.3960/,
Avali Drone Pet,274,,1.2.2,,,https://community.playstarbound.com/resources/avali-drone-pet.3920/,https://steamcommunity.com/sharedfiles/filedetails/?id=748625593
I Want to Drive That Van,275,,1.2,,,http://steamcommunity.com/sharedfiles/filedetails/?id=764327203,http://www.dropbox.com/s/a0dl683lnchjzlr/IWantToDriveThatVan.pak?dl=1
I Want to FLY That Van,276,,1.1,,,http://steamcommunity.com/sharedfiles/filedetails/?id=780834415,http://www.dropbox.com/s/4lul17an86ptdpb/IWantToFLYThatVan.pak?dl=1
Avali Drone Pet Fix,277,,-,,,https://steamcommunity.com/sharedfiles/filedetails/?id=952185344,https://github.com/xn-5o8h/sbavalidronepetfix/releases/tag/1
Bookstore,278,,1.4.1,,,https://community.playstarbound.com/resources/the-bookstore.4934/,http://steamcommunity.com/sharedfiles/filedetails/?id=1108897518
Bookstore Codex,279,,1,,,https://community.playstarbound.com/resources/codex-a-bookstore-addon.4935/,
Customizable Shuttlecraft,280,,1.3,,,http://steamcommunity.com/sharedfiles/filedetails/?id=1102394541,
Classical Weaponry,281,,2.1,,,https://community.playstarbound.com/resources/classical-weaponry.3975/,
FU BYOS Modded Race Support,282,,2018-09-29,,I'll let this one be as it is,https://community.playstarbound.com/resources/fu-byos-modded-race-patch.5094/,http://steamcommunity.com/sharedfiles/filedetails/?id=1194878261
Holoruler + Fix,283,,0.97,,,http://steamcommunity.com/sharedfiles/filedetails/?id=883901189,https://github.com/xn-5o8h/holorulerfix/releases/download/1/holorulerpatch.pak
Lyetzi’s GUNNERS Mod,284,,1.0.8,REPLACEMENT!!,,https://community.playstarbound.com/resources/lyetzis-gunners-mod.547/,https://drive.google.com/file/d/0B7XR35J4TIqQT3N1Q1RjNEJETk0/view
Frackin Jobs,285,,0.2.4,,Requires Job Offers,,https://steamcommunity.com/sharedfiles/filedetails/?id=954995970
Portable Tech + Teleporter Console,286,,1.1,,,http://community.playstarbound.com/resources/portable-tech-teleporter-console.4792,http://steamcommunity.com/sharedfiles/filedetails/?id=951476104
Mech Deployer for Portable Tech and Teleporter Console,287,,0.2,,,https://community.playstarbound.com/resources/mech-deployer-for-portable-tech-teleporter-console.4838/,http://steamcommunity.com/sharedfiles/filedetails/?id=964933814&tscn=1499244432
New Protectorate Clothes,288,,1.8.1,,,https://community.playstarbound.com/resources/new-protectorate-clothes.4981/,
Auto Assembler,289,,0.4,,,,https://steamcommunity.com/sharedfiles/filedetails/?id=757149502
Avali Ship Teleporter,290,,1.03,,,,http://steamcommunity.com/sharedfiles/filedetails/?id=743599672
Avali Mech FU Fix,291,,1.1.0,,,,http://steamcommunity.com/sharedfiles/filedetails/?id=1161680425
Write a Book,292,,1,,,http://steamcommunity.com/sharedfiles/filedetails/?id=1202404054,
Avali Objects +,293,,1.1,,,https://steamcommunity.com/sharedfiles/filedetails/?id=898712767,
Sticky Notes,294,,1.1,,,https://community.playstarbound.com/resources/sticky-notes.5071/,
Avali FU Patch ,295,,2018-07-19,1.0.2,Avali camps on frackin' planets,https://community.playstarbound.com/resources/avali-camps-on-frackin-planets.5455/,https://steamcommunity.com/sharedfiles/filedetails/?id=1432794738
Felin FU Patch,296,,2018-07-19,1.0.3,Felin towns on frackin' planets,https://community.playstarbound.com/resources/felin-towns-on-frackin-planets.5454/,https://steamcommunity.com/sharedfiles/filedetails/?id=1432556830
Elithian Alliance: Frackin Universe Patch,297,,1,,,https://steamcommunity.com/sharedfiles/filedetails/?id=1429652829,
NpcSpawner+,298,,1.2.1,,Spawn the ideal personne,https://steamcommunity.com/sharedfiles/filedetails/changelog/895140470,
The Tenantator,299,,1.1.0,,Settlement custom management,https://steamcommunity.com/sharedfiles/filedetails/?id=1405753979,
Hull Plating Blocks and More,300,,2018-01-05,,Lot of new blocks,https://steamcommunity.com/sharedfiles/filedetails/?id=949379732&searchtext=hull,https://steamcommunity.com/sharedfiles/filedetails/?id=949379732&searchtext=Hull+Plating+Blocks+and+More
Shreddys' Complex Blocks,301,,2018-08-30,,Also few new blocks but slopped,https://steamcommunity.com/sharedfiles/filedetails/?id=1485897036,
Mighty Music Instruments,302,,1.0.0,,Few more instruments,https://community.playstarbound.com/resources/mighty-music-instruments.3953/,
City Co. Street Props,303,,1.0,,,https://steamcommunity.com/sharedfiles/filedetails/?id=1716379012,
Dramatic Terrain - (Vanilla),304,,1.0.0,,,https://steamcommunity.com/sharedfiles/filedetails/?id=820860996&searchtext=dramatic,
Better Ship - (Merge Addons),305,,2018-12-17 MERGE,,,https://steamcommunity.com/sharedfiles/filedetails/?id=1575620880,
Better Ships - Walls,305,,2018-12-19,MERGE,,https://steamcommunity.com/sharedfiles/filedetails/?id=1575620882,
Better Ships - Walls Plus,305,,2018-12-20,MERGE,,https://steamcommunity.com/sharedfiles/filedetails/?id=1575620883,
Better Ships - Object Graphic Tweaks,305,,2018-12-22,MERGE,Incompatible with BYOS,https://steamcommunity.com/sharedfiles/filedetails/?id=1575620885,
Better Ships - Things (FU),305,,2018-12-24,MERGE,,https://steamcommunity.com/sharedfiles/filedetails/?id=1575620887,
Better Ships - Things,305,,2018-12-25,MERGE,,https://steamcommunity.com/sharedfiles/filedetails/?id=1575620888,
Cosmetic Mech Slots,306,, 1.2.2,,,https://community.playstarbound.com/threads/cosmetic-slots-for-mechs.144367/,
WTM Teleporter Mod,307,,3.2,,bind with HLib,https://community.playstarbound.com/resources/wtm-teleporter-mod-light-version.5261/,
Custom Wheel,308,,1.1,,,https://community.playstarbound.com/resources/custom-wheel.5202/,
Starboy Handheld Games,309,,1.6.1,,,https://community.playstarbound.com/resources/starboy-handheld-games.4844/,
Pixlaroid,310,,2017-04-24,,,https://steamcommunity.com/sharedfiles/filedetails/?id=912461540,
Handful Hatches,311,,MERGE,,Tiny Hatches & Platform Hatches,MERGE,
Tiny Hatches,311,,2017-06-19,MERGE,Handful Hatches,https://steamcommunity.com/sharedfiles/filedetails/?id=883011386&searchtext=Tiny+Hatches,
Platform Hatches,311,,2.0.1,MERGE,Handful Hatches,https://steamcommunity.com/sharedfiles/filedetails/?id=753337799&searchtext=Hatches,
Ninjas Play Free,312,,2017-06-13,,,https://steamcommunity.com/sharedfiles/filedetails/?id=739594669&searchtext=Ninjas+Play+Free,
United Systems Expansion,313,,4.12-B,,,https://steamcommunity.com/sharedfiles/filedetails/?id=874013371,
United Systems Expansion: Planets Addon,314,,alt from 1.41,,The game take TOO MUCH time to chose a planet to settle,https://steamcommunity.com/sharedfiles/filedetails/?id=1397706778,
United Systems Expansion: Vehicles Addon,315,,1.0,,,https://steamcommunity.com/sharedfiles/filedetails/?id=1416282371,
United Systems Expanded FU Patch,316,,2018-08-18,,,https://steamcommunity.com/sharedfiles/filedetails/?id=1528732899&searchtext=united,
,,,,,,,
Sky Tram 1.01,318,,1.01,,,https://community.playstarbound.com/resources/sky-tram.5517/,
The Essential Delorean DMC12 Mod,319,,1.0.0,,,https://community.playstarbound.com/resources/the-essential-delorean-dmc12-mod.5319/,
Mech Visuals Overhaul,320,,2017-07-31,,,https://steamcommunity.com/sharedfiles/filedetails/?id=1091363262&searchtext=Mech,
Starmount Reborn,321,,1.3,,,https://steamcommunity.com/sharedfiles/filedetails/?id=1696840506&,
Barrage heavy mech 1.3,322,,1.3,,,https://community.playstarbound.com/resources/barrage-heavy-mech.4751/,
DB Industries Mechs,323,,0.05,,,https://steamcommunity.com/sharedfiles/filedetails/?id=944647709,
Anvil Mechs,324,,0.06,,,https://steamcommunity.com/sharedfiles/filedetails/?id=944647710,
Dreadnought Mech,325,,2018-01-14,,,https://steamcommunity.com/sharedfiles/filedetails/?id=1186372054&searchtext=Mech,
[COLORBOUND] 2016 1.0.3,326,,1.0.3,,,https://community.playstarbound.com/resources/colorbound-2016.4087/,
[COLORBOUND] 2016 for Mechs ,327,,1.0,,,https://community.playstarbound.com/resources/colorbound-2016-for-mechs-unofficial.4797/,
Casual Death,328,,Umbra,,,Umbra,
Shift Space Ambience,329,,Umbra,,,Umbra,
Imperdible Vehicles,330,,MERGE 1.0,,Cars & Motorcycles & Water Vehicles & Hoverbikes,,
Cars by Imperdible ,330,,2018-10-05,MERGE,Imperdible Vehicles,https://community.playstarbound.com/resources/cars-by-imperdible.5568/,
Imperdible Motorcycles Mod ,330,,2018-10-14,MERGE,Imperdible Vehicles,https://community.playstarbound.com/resources/imperdible-motorcycles-mod.5573/,
Water Vehicles by Imperdible ,330,,1.1,MERGE,Imperdible Vehicles,https://community.playstarbound.com/resources/water-vehicles-by-imperdible.5579/,
Hoverbikes Mod,330,,1.0,MERGE,Imperdible Vehicles,https://community.playstarbound.com/resources/hoverbikes-mod.5592/,
Avali Weapon Type Additions,331,,2018-10-24,,,https://steamcommunity.com/sharedfiles/filedetails/?id=1416038072,
Avali SpecOps Additions,332,,2018-10-25,,,,
Avali colored Items,333,,2018-10-27,,,https://steamcommunity.com/workshop/filedetails/?id=819145737,
Avali Colored Items Addon - Holograms & More,334,,2018-10-28,,,https://steamcommunity.com/sharedfiles/filedetails/?id=1107568847&searchtext=Avali+Colored+Items,
Tools and Utilities - Compilation,335,,MERGE 1.0,,,MERGE,
Weighted Grappling Hook,335,,2017-04-11,MERGE,,https://steamcommunity.com/sharedfiles/filedetails/?id=739110826,
Flashlight Attachment for Weighted Grappling Hook,335,,2017-07-01,MERGE,,https://steamcommunity.com/sharedfiles/filedetails/?id=960709327,
Flare Gun,335,,2016-10-13,MERGE,,https://steamcommunity.com/sharedfiles/filedetails/?id=776078151&searchtext=Flare+Gun,
Another Generic Weapon Modpack,336,,26 nov. 2017,,,https://steamcommunity.com/sharedfiles/filedetails/?id=1165244309&searchtext=Another+Generic+Weapon+Modpack,
Grand Protector Robe +,337,,1.5,,,https://community.playstarbound.com/resources/grand-protector-robe.4948/,
Hop On Shops +,338,,1 juil. 2017,,,https://steamcommunity.com/sharedfiles/filedetails/?id=960708990&searchtext=Hop+On+Shops,
Protector Icons,339,,18 oct. 2017,,,https://steamcommunity.com/sharedfiles/filedetails/?id=782825930,
Placeable Spaceships,340,,3 juil. 2017,,,https://steamcommunity.com/sharedfiles/filedetails/?id=792342404,
Species Clothing,341,,1.0,,,https://steamcommunity.com/workshop/filedetails/?id=962379099,
CN Handheld Torches,342,,,,,https://steamcommunity.com/sharedfiles/filedetails/?id=928770236&searchtext=Handheld+torches,
Many Frogs - Categories and Tabs,343,,,,,https://steamcommunity.com/workshop/filedetails/?id=1111078158,
Protector Frogs - Many Frogs Addon,344,,,,,https://steamcommunity.com/sharedfiles/filedetails/?id=1112948315&searchtext=Protector+Frogs,
Nostalgic Greenery (FU),345,,,,,https://community.playstarbound.com/resources/nostalgic-greenery.4319/,
Racial Shop Counters,346,,,,,https://steamcommunity.com/sharedfiles/filedetails/?id=958737811&searchtext=Hop+On+Shops,
Racial Kitchen Counters,347,,,,,https://steamcommunity.com/sharedfiles/filedetails/?id=1076409507,
More Teleportz,348,,,,,https://steamcommunity.com/sharedfiles/filedetails/?id=1543782525,
Railguns,349,,,,,https://steamcommunity.com/sharedfiles/filedetails/?id=1577810960&searchtext=rail,
Healer's Toolkit,350,,,,,https://steamcommunity.com/sharedfiles/filedetails/?id=1545962203,
Instru+,351,,,,,https://steamcommunity.com/sharedfiles/filedetails/?id=1522930020,
Many Instruments,352,,,,,https://steamcommunity.com/sharedfiles/filedetails/?id=1512804093&searchtext=instru,
Umbra's addon,353,,,,,Umbra,
XS Mechs : Modular Edition,354,,1.0.6.2,,,http://steamcommunity.com/workshop/filedetails/?id=945707062,https://community.playstarbound.com/resources/xs-mechs-modular-edition-weapons.4867/
XS Mechs : Weapons+ Pack,355,,0.9,,,http://steamcommunity.com/sharedfiles/filedetails/?id=958539829,
FU BYOS [Umbra Addon],356,,1.0,,,http://steamcommunity.com/sharedfiles/filedetails/?id=958539830,
Idle Factories,357,,BUILD 5 - PATCH 4,Build 5 - PATCH 6,,https://community.playstarbound.com/resources/idle-factories.5266/,
Idle Factories - FU,358,,BUILD 2 - PATCH 5,BUILD 3,,https://community.playstarbound.com/resources/idle-factories-frackin-add-on-pack.5613/,
Idle Factories - ERM,359,,BUILD 3 - PATCH 3,,,https://community.playstarbound.com/resources/idle-factories-elithian-add-on-pack.5612/,
Starmap Zoom Slider,360,,1.1,,,https://steamcommunity.com/sharedfiles/filedetails/?id=1232116493&searchtext=load+system,
Avali&humanoid Clothes,361,,69.420.666,,,https://community.playstarbound.com/resources/humanoid-avali.5232/,
Ckliefeller`s Weapons [Avali Addon],362,,1.3,,,https://steamcommunity.com/sharedfiles/filedetails/?id=1426374579,
Steampunk Armour & Weapons,363,,1.0,,,https://steamcommunity.com/sharedfiles/filedetails/?id=896193392&searchtext=head,
,,,,,,,
Field Generator,365,,0.9.2,,,https://steamcommunity.com/sharedfiles/filedetails/?id=1218294180&searchtext=gravity,
RexmecK Item Editor Pro,366,,Beta 8,,,https://steamcommunity.com/sharedfiles/filedetails/?id=1217967107,
FLCN-11 Gunship: United Systems Edition,367,,1.1,,,https://steamcommunity.com/sharedfiles/filedetails/?id=1594619172&searchtext=edit,
The Essential Jetpack Mod,368,,,,,https://steamcommunity.com/sharedfiles/filedetails/?id=1299446315,
Erchius Crystal Module,369,,,,,https://steamcommunity.com/sharedfiles/filedetails/?id=1546909574,
Borderlands Items Mod,370,,,,,https://steamcommunity.com/sharedfiles/filedetails/?id=745076162,
Improved turrets,-,371,version 4,FIRST INSTALL!!,,https://steamcommunity.com/sharedfiles/filedetails/?id=1414322416&searchtext=Improved+turrets,
ProperRest,372,,0.6,,made by Umbra - no more unclothding little +(s) while at sleep,Umbra,
Resprite Compilation,373,,2.0,,with a little more correction/addaptation by Umbra,https://steamcommunity.com/sharedfiles/filedetails/?id=1563372924&searchtext=hair,
Firebound Hair,374,,1.9,,,https://steamcommunity.com/sharedfiles/filedetails/?id=730544933&searchtext=hair,
AnTi Hair,375,,2.4,,,https://steamcommunity.com/sharedfiles/filedetails/?id=730544933&searchtext=hair,
AMP Hairs and Beaks,376,,v4.0,,,https://steamcommunity.com/sharedfiles/filedetails/?id=760401937&searchtext=hair,
Nova Brands Plus,377,,Pre.2.0.4,,,https://steamcommunity.com/sharedfiles/filedetails/?id=753360436&searchtext=novakid+brands,
Redemption,378,,1.7,,,https://steamcommunity.com/sharedfiles/filedetails/?id=1397217904&searchtext=united,
More Idle Poses +,379,,Mix 1.0,,,https://steamcommunity.com/sharedfiles/filedetails/?id=787324529,
Gravity Console,380,,1.0,,,https://steamcommunity.com/sharedfiles/filedetails/?id=947223235&searchtext=gravity,
Tech Additions,381,,1.3,,,https://steamcommunity.com/sharedfiles/filedetails/?id=1131820988&searchtext=tech,
Fabmat's 54&+ microdungeon pack,382,,1.3,,,https://steamcommunity.com/workshop/filedetails/?id=1003150575,
AnTi Vegetation,383,,2.4,,,https://steamcommunity.com/sharedfiles/filedetails/?id=734170655&searchtext=grass,
AnTi Monster,384,,2.1,,,http://steamcommunity.com/sharedfiles/filedetails/?id=730745660,
Immersive Props,385,,1.6.3,,,https://github.com/amirmiked12/ImmersiveProps/releases/tag/1.6.3,
Starhammer40k,386,,1.176,,,https://steamcommunity.com/sharedfiles/filedetails/?id=1262593986,
Powers of Ruin,387,,1.3.3,,,https://steamcommunity.com/sharedfiles/filedetails/?id=1508762885&searchtext=,
Placeable Dynamic FTL Drive,388,,1.4,,,https://steamcommunity.com/sharedfiles/filedetails/?id=1340754681,
Placeable Dynamic FTL Drive [FU BYOS patch],389,,1.3,,,https://steamcommunity.com/sharedfiles/filedetails/?id=1344879862,
Racial Drones,390,,"4 Jan, 2018",,,https://steamcommunity.com/sharedfiles/filedetails/?id=1200004718,
More NPC Ships,391,,"22 Jun, 2018",,,https://steamcommunity.com/sharedfiles/filedetails/?id=1390490083,
More Outpost Objects,392,,1.12,,,https://steamcommunity.com/sharedfiles/filedetails/?id=1635522739,
Starbound intro - Revamped,400,,4.0.2- Custom,,,Umbra,
Tanz Lighting Overhaul,499,,"30 Jul, 2016",,,https://steamcommunity.com/sharedfiles/filedetails/?id=729467376,
Interface - PLUS,500,, 1.0 - Custom,,Custom alteration,https://steamcommunity.com/sharedfiles/filedetails/?id=1550987556,
Umbral Coils,501,,1.1 - Custom,,,Umbra,
Shut Up Rob Repairo,502,,1.0,,Rumor says it saves FPS when around him,https://steamcommunity.com/sharedfiles/filedetails/?i,
Unofficial Frackin'Races patch,503,, 2.0 - Custom,,,Temporairy,
Industrialization Starbound Edition,504,,,,,https://steampowered.com/sharedfiles/filedetails/?id=1215051818,
Starmount Reborn,505,,1.3,,,https://steamcommunity.com/sharedfiles/filedetails/?id=1696840506,
Starbound Weapon Overhaul,506,,v1.4,,,https://steamcommunity.com/sharedfiles/filedetails/?id=1323485276&searchtext=Starbound+Weapon+Overhaul+-+Compatibility+Version,
City Co. Street Props,507,,1.1,,,https://steamcommunity.com/sharedfiles/filedetails/?id=1716379012,
Rexmeck CSGO Weapons,508,,0.1564,,,https://steamcommunity.com/sharedfiles/filedetails/?id=729430716,
Rideable Glitch Horse,509,,1.0,,,https://steamcommunity.com/sharedfiles/filedetails/?id=137716,
Megaman X Starbound,510,,1.5,,,https://steamcommunity.com/sharedfiles/filedetails/?id=171861952,
Top Tier Overhaul,511,,1.0,,,https://steamcommunity.com/sharedfiles/filedetails/?id=1475697638,
Green's Dye Suite,512,,1.2a,,,https://steamcommunity.com/sharedfiles/filedetails/?id=16662,
Historical Firearms,513,,11 april,,,https://steamcommunity.com/sharedfiles/filedetails/?id=1687222664,
bk3k's Inventory,514,,1.20,,,https://steamcommunity.com/sharedfiles/filedetails/?id=882900100&searchtext=bk3k%27s+Inventory,
bk3k's Inventory - Vanilla patch,515,,1.0,,,https://steamcommunity.com/sharedfiles/filedetails/?id=1410587040&searchtext=bk3k%27s+Inventory,
bk3k's Inventory - Reskin,516,,1.1,,,https://steamcommunity.com/sharedfiles/filedetails/?id=882900100&searchtext=bk3k%27s+Inventory  ,
Elithian Races Addon - Weapons,517,,1.0,,,https://steamcommunity.com/sharedfiles/filedetails/?id=1754174291,
More MM Upgrades,518,,0.9,,,https://steamcommunity.com/sharedfiles/filedetails/?id=1775194069&searchtext=More+MM+Upgrades,
More Planet Info - 1.4 patch,519,,1.0.1,,More Planet Info 1.4 Quest Marker Fix,https://steamcommunity.com/sharedfiles/filedetails/?id=1117007107&searchtext=more+planet+info,
More Planet Info - 1.4  FU patch,520,,1.1,,More Planet Info Lush Planet fix(Works with FU),https://steamcommunity.com/sharedfiles/filedetails/?id=1117007107&searchtext=more+planet+info,
More Planet Info - Saturnians Addon,521,,1.0,,More Planet Info- Saturnians Addon,https://steamcommunity.com/sharedfiles/filedetails/?id=1733755757&searchtext=More+Planet+Info,
NPC Mechs,523,,1.0,1.04,,https://steamcommunity.com/sharedfiles/filedetails/?id=1788644520&searchtext=npc+mech,
More Planet Info - FU Various Patches,524,,1.0,,,https://steamcommunity.com/sharedfiles/filedetails/?id=1780307360&searchtext=more+planet,
Modern Elevators,525,,1.0,,,https://steamcommunity.com/sharedfiles/filedetails/?id=1306162379&searchtext=Modern+Elevators,
Space Cowboys,526,,2.U,,,https://steamcommunity.com/sharedfiles/filedetails/?id=1817019820&searchtext=Cowboy,
Tf2 Engineer Buildings,527,,Plz rate in tf2,,,https://steamcommunity.com/sharedfiles/filedetails/?id=816819845&searchtext=travel,
FU & Many Tabs Compatability Patch,528,,1.0,,,https://steamcommunity.com/sharedfiles/filedetails/?id=1799854324&searchtext=Many+Tabs%3A+Compatability+Patch,
Filter by Rarity - Extended Edition,529,,2.1.0,,,https://steamcommunity.com/sharedfiles/filedetails/?id=1814789921&searchtext=filter,
Dynamic long hair,530,,3.1.U,,,https://steamcommunity.com/sharedfiles/filedetails/?id=1203096153,
[FFS]Feast of Fire and Smoke,-,531,1.04hotfix4,FIRST INSTALL!!,,https://steamcommunity.com/sharedfiles/filedetails/?id=1827029602&searchtext=FFS,
[FFS]Expanded weapons,-,532,1.013,FIRST INSTALL!!,Adding Avali weapons as well!,https://steamcommunity.com/sharedfiles/filedetails/?id=1864093558&searchtext=FFS,
[FFS] Momo Gun Shop,-,533,V1.3,FIRST INSTALL!!,,https://steamcommunity.com/sharedfiles/filedetails/?id=1886524380&searchtext=FFS,
[FFS] WW2 Guns,-,534,V1.4,FIRST INSTALL!!,,https://steamcommunity.com/sharedfiles/filedetails/?id=1898834914&searchtext=FFS,
[FFS] Lc`s Guns Addon,-,535,V1.0,FIRST INSTALL!!,,https://steamcommunity.com/sharedfiles/filedetails/?id=1888994881&searchtext=FFS,
Any Capture,-,536,1.3.1,FIRST INSTALL!!,,https://steamcommunity.com/sharedfiles/filedetails/?id=1298003386&searchtext=capture,
Any Health Capture,-,537,1.1.0,FIRST INSTALL!!,,https://steamcommunity.com/sharedfiles/filedetails/?id=1755786370&searchtext=capture,
,,,,,,,
Garden Bot 2 MP,,,| 1.4,| No Updates,Redundant,N/A,
Armor Augments - FU Addon,,,1.5.1,New Mod,REDUNDANT,http://community.playstarbound.com/resources/augment-slots-for-armor-frackin-universe-update.4747/,
Draconis Race - FR Addon,,,0.5,,Outdated - FR Included Draconis,,http://steamcommunity.com/sharedfiles/filedetails/?id=873114474
Extended Block Crafting,,,1.3,,Causing admin block tab crash,http://community.playstarbound.com/resources/extended-block-crafting.4260/,